Keyword,URL,Country,Difficulty,Volume,CPS,Parent Topic,Parent Topic Volume,Last Update,Backlinks,Referring Domains,URL rating,Domain rating,Words,Traffic,Value,Keywords,Top Keyword,Top Keyword Volume,CPC,Position,Type,Title,Global volume,Traffic potential
designer men tshirt,https://www.saksfifthavenue.com/c/men/apparel/t-shirts,us,25,600,,designer shirts,8700,04-03-2023 22:24,3712,41,5,80,,22764,26502.71,3959,designer shirts for men,7400,,1,Organic,Men's Designer T-Shirts | Saks Fifth Avenue,600,24000
designer men tshirt,https://www.saksfifthavenue.com/product/versace-logo-cotton-t-shirt-0400015551276.html,us,25,600,,designer shirts,8700,04-03-2023 22:24,,,,,,,,,,,,1,Sitelinks,Versace,600,24000
designer men tshirt,https://www.saksfifthavenue.com/product/alexander-mcqueen-graffiti-logo-cotton-t-shirt-0400016692823.html,us,25,600,,designer shirts,8700,04-03-2023 22:24,,,,,,,,,,,,1,Sitelinks,Alexander McQueen,600,24000
designer men tshirt,https://www.saksfifthavenue.com/product/comme-des-gar%C3%A7ons-play-large-heart-cotton-tee-0400095743423.html,us,25,600,,designer shirts,8700,04-03-2023 22:24,,,,,,,,,,,,1,Sitelinks,Large Heart Cotton Tee,600,24000
designer men tshirt,https://www.saksfifthavenue.com/product/helmut-lang-printed-logo-t-shirt-0400015189145.html,us,25,600,,designer shirts,8700,04-03-2023 22:24,,,,,,,,,,,,1,Sitelinks,Helmut Lang,600,24000
designer men tshirt,https://www.nordstrom.com/browse/designer/men/clothing/tshirts,us,25,600,,designer shirts,8700,04-03-2023 22:24,180,123,11,87,0,5469,5308.7,486,black designer shirt,1700,,2,Organic,Men's Designer T-Shirts - Nordstrom,600,24000
designer men tshirt,https://www.neimanmarcus.com/c/clothing-clothing-t-shirts-cat82180746,us,25,600,,designer shirts,8700,04-03-2023 22:24,12,8,1,82,0,11098,12054.16,1693,designer shirts for men,7400,,3,Organic,Men's Designer T-Shirts | Neiman Marcus,600,24000
designer men tshirt,https://www.farfetch.com/shopping/men/t-shirts-vests-2/items.aspx,us,25,600,,designer shirts,8700,04-03-2023 22:24,92,36,1,85,0,13104,9831.38,2025,blue designer shirt,2800,,4,"Organic, Thumbnail",Designer T-Shirts & Vests for Men | FARFETCH,600,24000
designer men tshirt,https://www.farfetch.com/shopping/men/t-shirts-2/items.aspx,us,25,600,,designer shirts,8700,04-03-2023 22:24,,,,,,,,,,,,4,Sitelinks,Designer T-shirts For Men - Farfetch,600,24000
designer men tshirt,https://www.bloomingdales.com/shop/mens/t-shirts-henleys?id=11536,us,25,600,,designer shirts,8700,04-03-2023 22:24,54,47,4,82,,1930,2209.05,554,blue designer shirt,2500,,5,Organic,T-Shirts & Henleys - Men - Bloomingdale's,600,24000
designer men tshirt,https://www.bloomingdales.com/shop/mens/short-sleeve-t-shirts?id=1006187,us,25,600,,designer shirts,8700,04-03-2023 22:24,,,,,,,,,,,,5,Sitelinks,Short Sleeve,600,24000
designer men tshirt,https://www.bloomingdales.com/shop/mens/long-sleeve-t-shirts?id=1006188,us,25,600,,designer shirts,8700,04-03-2023 22:24,,,,,,,,,,,,5,Sitelinks,Long Sleeve,600,24000
designer men tshirt,https://www.bloomingdales.com/shop/mens/t-shirts-henleys/Brand/ALLSAINTS?id=11536,us,25,600,,designer shirts,8700,04-03-2023 22:24,,,,,,,,,,,,5,Sitelinks,Allsaints,600,24000
designer men tshirt,https://www.bloomingdales.com/shop/mens/t-shirts-henleys/Brand/Polo%20Ralph%20Lauren?id=11536,us,25,600,,designer shirts,8700,04-03-2023 22:24,,,,,,,,,,,,5,Sitelinks,Polo Ralph Lauren,600,24000
designer men tshirt,https://www.selfridges.com/US/en/cat/mens/clothing/tops-t-shirts/,us,25,600,,designer shirts,8700,04-03-2023 22:24,7,4,2,81,4457,2165,1711.68,234,designer tops for men,450,,6,Organic,Mens Designer Tops & T-Shirts - Selfridges,600,24000
designer men tshirt,https://www.harrods.com/en-us/shopping/men-clothing-t-shirts,us,25,600,,designer shirts,8700,04-03-2023 22:24,0,0,0,79,,2804,2438.27,469,grey designer shirt,2400,,7,Organic,Mens Designer T-Shirts | Harrods US,600,24000
designer men tshirt,https://www.mrporter.com/en-us/mens/clothing/t-shirts,us,25,600,,designer shirts,8700,04-03-2023 22:24,408,33,6,79,1342,5314,6648.65,931,designer t shirts,4100,,8,Organic,Mens Designer Long Sleeve T-shirts | MR PORTER,600,24000
designer men tshirt,https://www.ssense.com/en-us/men/t-shirts,us,25,600,,designer shirts,8700,04-03-2023 22:24,12,7,1,82,2339,3158,2197.61,784,red designer shirt,3000,,9,Organic,Designer t-shirts for Men - SSENSE,600,24000
designer men tshirt,https://www.designbyhumans.com/shop/mens-t-shirts/,us,25,600,,designer shirts,8700,04-03-2023 22:24,1298,115,10,77,731,3995,4859.59,1012,t shirts for men,11000,,10,Organic,Men's T-Shirts | Design By Humans - DesignByHumans,600,24000
designer men tshirt,https://www.amazon.com/designer-tshirts/s?k=designer+tshirts,us,25,600,,designer shirts,8700,04-03-2023 22:24,1,1,0,96,,477,611.66,68,designer t-shirts cheap,700,,11,Organic,Designer Tshirts - Amazon.com,600,24000
designer men tshirt,https://www.paulsmith.com/us/mens/t-shirts,us,25,600,,designer shirts,8700,04-03-2023 22:24,7,6,3,73,2158,1128,2124.97,880,printed t shirts,6300,,12,Organic,"Men's Designer T-Shirts | Printed, Plain, & Long Sleeve",600,24000
designer men tshirt,https://www.matchesfashion.com/us/mens/shop/clothing/t-shirts,us,25,600,,designer shirts,8700,04-03-2023 22:24,55,21,10,79,0,418,484.6,208,luxury tshirts men,700,,13,Organic,Men's Designer T-Shirts - Matchesfashion.com,600,24000
designer men tshirt,https://www.asos.com/us/men/t-shirts-tank-tops/cat/?cid=7616,us,25,600,,designer shirts,8700,04-03-2023 22:24,341,58,17,87,3854,11548,14972.46,1202,tshirt for men,52000,,14,Organic,T-Shirts & Tank Tops - Men - ASOS,600,24000
designer men tshirt,https://www.mainlinemenswear.com/search/t-shirts/,us,25,600,,designer shirts,8700,04-03-2023 22:24,6,5,4,28,2104,16,5.61,24,designer men tshirt,600,,15,Organic,Designer T-Shirts For Men - Mainline Menswear,600,24000
designer men tshirt,https://www.etsy.com/market/mens_designer_shirts,us,25,600,,designer shirts,8700,04-03-2023 22:24,9,7,0,94,4282,138,127.55,139,cheap designer shirts,1000,,16,Organic,Mens Designer Shirts - Etsy,600,24000
designer men tshirt,https://thewebster.com/shop/men/clothing/shirts-and-tops/t-shirts.html,us,25,600,,designer shirts,8700,04-03-2023 22:24,0,0,,27,,348,263.51,257,grey designer shirt,2400,,17,Organic,Men's Designer T-shirt - The Webster,600,24000
designer men tshirt,https://www.robertgraham.us/collections/t-shirts,us,25,600,,designer shirts,8700,04-03-2023 22:24,9,6,0,51,888,275,286.21,877,robert graham t shirt,250,,18,Organic,Designer Men's T-Shirts | Robert Graham,600,24000
designer men tshirt,https://www.modes.com/us/shopping/man/clothing-t-shirts-vests,us,25,600,,designer shirts,8700,04-03-2023 22:24,0,0,,47,,23,26.83,66,luxury tshirts men,700,,19,Organic,men's designer t-shirts & vests - MODES,600,24000
designer men tshirt,https://www.therealreal.com/shop/men/clothing/t-shirts,us,25,600,,designer shirts,8700,04-03-2023 22:24,6,6,4,76,5982,428,410.38,342,designer t shirt sale,500,,20,Organic,Designer Mens T-shirts On Sale | The RealReal,600,24000
designer men tshirt,https://spy.com/articles/gear/style/designer-t-shirts-1202748185/,us,25,600,,designer shirts,8700,04-03-2023 22:24,121,26,9,73,3079,181,210.4,375,best designer t shirts,250,,21,Organic,The 15 Best Designer T-Shirts for Men To Wear in 2022,600,24000
designer men tshirt,https://www.gucci.com/us/en/ca/men/ready-to-wear-for-men/t-shirts-polo-shirts-for-men-c-men-readytowear-tshirts-and-polos,us,25,600,,designer shirts,8700,04-03-2023 22:24,436,198,14,84,5721,62641,51120.31,14897,gucci t shirt,28000,,22,Organic,Men's Designer T-Shirts & Polos | GUCCI® US,600,24000
designer men tshirt,https://www.tedbaker.com/us/c/mens/clothing/tops/t-shirts/742,us,25,600,,designer shirts,8700,04-03-2023 22:24,1,1,2,74,533,467,308.99,170,ted baker t shirts,500,,23,Organic,Men's Designer T-Shirts - Ted Baker,600,24000
designer men tshirt,https://vasquiat.com/en/man/designer-men-s-clothing/designer-t-shirts-for-men/,us,25,600,,designer shirts,8700,04-03-2023 22:24,0,0,,37,1327,2,3.68,33,designer men tshirt,600,,24,Organic,Designer T-shirts for Men - Vasquiat,600,24000
designer men tshirt,https://www.truereligion.com/mens-designer-t-shirts,us,25,600,,designer shirts,8700,04-03-2023 22:24,299,53,10,70,1048,5306,3647.49,1972,true religion shirts,4900,,25,Organic,Mens Designer T-Shirts | Mens Streetwear - True Religion,600,24000
designer men tshirt,https://theincumbentagency.threadless.com/designs/award-winning-designer/mens/t-shirt,us,25,600,,designer shirts,8700,04-03-2023 22:24,0,0,4,87,536,2,0.55,14,designer mens t shirt sale,500,,26,Organic,Award Winning Designer Men's T-Shirt,600,24000
designer men tshirt,https://mobile.yoox.com/us/men/shoponline/t-shirts_c,us,25,600,,designer shirts,8700,04-03-2023 22:24,0,0,,78,,33,56.24,312,designer tee shirts mens,600,,27,Organic,Men's t-shirts online: cool graphic and basic designer tees,600,24000
designer men tshirt,https://lemonadefashion.com/men/t-shirts,us,25,600,,designer shirts,8700,04-03-2023 22:24,0,0,,25,,2,0.2,9,lemonade t shirts,100,,28,Organic,Shop Men Designer T-Shirts - LEMONADE FASHION,600,24000
designer men tshirt,https://shopreway.com/t-shirts/,us,25,600,,designer shirts,8700,04-03-2023 22:24,0,0,0,7,996,35,30.5,117,vintage designer tshirts,100,,29,Organic,Pre-Owned Designer T-shirts | Luxury Vintage Online,600,24000
designer men tshirt,https://www.ralphlauren.com/men-clothing-t-shirts,us,25,600,,designer shirts,8700,04-03-2023 22:24,100,71,7,79,3646,12571,9336.84,1725,polo t shirts,13000,,30,Organic,Men's Designer T-Shirts & Rugby Shirts - Polo Ralph Lauren,600,24000
designer men tshirt,https://www.designerwear.co.uk/menswear/t-shirts,us,25,600,,designer shirts,8700,04-03-2023 22:24,13300,11,10,40,1970,9,9.26,180,cheap designer shirts,1000,,31,Organic,"Men's Designer T Shirts | Buy Now, Pay Later with Klarna",600,24000
designer men tshirt,https://www.azafashions.com/collection/men/t-shirts,us,25,600,,designer shirts,8700,04-03-2023 22:24,1199,3,7,51,3238,3,2.64,126,designer t shirts online,100,,32,Organic,Buy Mens Designer T-Shirts Online - Aza Fashions,600,24000
designer men tshirt,https://aunoir.shop/a/l/en/collections/t-shirts,us,25,600,,designer shirts,8700,04-03-2023 22:24,0,0,,31,,0,0.05,2,designer men tshirt,600,,33,Organic,Designer Men's T-Shirt - Premium - Comfortable I Black,600,24000
designer men tshirt,https://www.getthelabel.com/men/t-shirts-and-vests/t-shirts/,us,25,600,,designer shirts,8700,04-03-2023 22:24,22,19,19,48,2655,12,13.1,130,cheap designer t shirts,400,,34,Organic,Men's Cheap Designer T-Shirts - Get The Label,600,24000
designer men tshirt,https://www.davidjones.com/men/designer/clothing,us,25,600,,designer shirts,8700,04-03-2023 22:24,544,2,3,74,3636,3,3.47,99,mens designer t shirt,450,,35,Organic,Men's Designer Clothing: Luxury T-Shirts & more | David Jones,600,24000
designer men tshirt,https://www.holtrenfrew.com/en/Products/Mens/Mens-Clothing/Tops/T-Shirts-Tanks/c/MensTShirtsTanks,us,25,600,,designer shirts,8700,04-03-2023 22:24,0,0,0,70,2686,5,3.24,102,designer t shirt sale,500,,36,Organic,Men's Designer T-Shirts & Tanks - Holt Renfrew,600,24000
designer men tshirt,https://www.neimanmarcus.com/c/clothing-clothing-t-shirts-cat82180746,us,25,600,,designer shirts,8700,04-03-2023 22:24,,,,,,,,,,,,37,Image pack,,600,24000
designer men tshirt,https://www.nordstrom.com/browse/designer/men/clothing/tshirts?filterByColor=blue,us,25,600,,designer shirts,8700,04-03-2023 22:24,,,,,,,,,,,,37,Image pack,,600,24000
designer men tshirt,https://www.saksfifthavenue.com/c/men/apparel/t-shirts,us,25,600,,designer shirts,8700,04-03-2023 22:24,,,,,,,,,,,,37,Image pack,,600,24000
designer men tshirt,https://www.nordstrom.com/browse/designer/men/clothing/tshirts?filterByColor=white,us,25,600,,designer shirts,8700,04-03-2023 22:24,,,,,,,,,,,,37,Image pack,,600,24000
designer men tshirt,https://www.fibre2fashion.com/garments/men-s-designer-t-shirts-buyers-19166475,us,25,600,,designer shirts,8700,04-03-2023 22:24,,,,,,,,,,,,37,Image pack,,600,24000
designer men tshirt,https://www.apetogentleman.com/best-designer-tshirts-men/,us,25,600,,designer shirts,8700,04-03-2023 22:24,,,,,,,,,,,,37,Image pack,,600,24000
designer men tshirt,https://www.mrporter.com/en-us/mens/clothing/t-shirts,us,25,600,,designer shirts,8700,04-03-2023 22:24,,,,,,,,,,,,37,Image pack,,600,24000
designer men tshirt,https://www.harrods.com/en-us/shopping/men-clothing-t-shirts,us,25,600,,designer shirts,8700,04-03-2023 22:24,,,,,,,,,,,,37,Image pack,,600,24000
designer men tshirt,https://www.selfridges.com/GB/en/cat/mens/clothing/tops-t-shirts/,us,25,600,,designer shirts,8700,04-03-2023 22:24,,,,,,,,,,,,37,Image pack,,600,24000
designer men tshirt,https://www.neimanmarcus.com/c/clothing-clothing-t-shirts-cat82180746,us,25,600,,designer shirts,8700,04-03-2023 22:24,,,,,,,,,,,,37,Image pack,,600,24000
designer men tshirt,https://www.walmart.com/c/kp/designer-shirt,us,25,600,,designer shirts,8700,04-03-2023 22:24,0,0,,91,,10,1.11,20,yellow designer shirt,2200,,38,Organic,Designer Shirt - Walmart.com,600,24000
designer men tshirt,https://unfortunateportrait.com/products/designer-tee-mens-t-shirt,us,25,600,,designer shirts,8700,04-03-2023 22:24,0,0,3,17,0,2,0.28,9,designer tee shirts mens,600,,39,Organic,Designer Tee Men's T-shirt - Unfortunate Portrait,600,24000
designer men tshirt,https://www.ebay.com/itm/283090562197,us,25,600,,designer shirts,8700,04-03-2023 22:24,0,0,,92,,0,0,2,designer men tshirt,600,,40,Organic,"Vintage Money T-Shirt, Designer MEN'S T-SHIRT ... - eBay",600,24000
designer men tshirt,https://www.flannels.com/men/clothing/t-shirts,us,25,600,,designer shirts,8700,04-03-2023 22:24,78,43,3,73,2074,96,76.91,1265,mens designer t shirts,2800,,41,Organic,Mens Designer T-Shirts | Vests & T-Shirts For Men - Flannels,600,24000
designer men tshirt,https://www.mytheresa.com/en-us/men/clothing/t-shirts.html,us,25,600,,designer shirts,8700,04-03-2023 22:24,16,5,5,77,6023,0,1.64,12,designer tee shirts for men,600,,42,Organic,Men's Designer T-Shirts | Mytheresa US,600,24000
designer men tshirt,https://www.derek-rose.com/en-us/collections/men-tshirts-tops,us,25,600,,designer shirts,8700,04-03-2023 22:24,0,0,3,43,2992,55,25.22,39,rose shirts,600,,43,Organic,Men's T-Shirts and Tops - Derek Rose,600,24000
designer men tshirt,https://www.houseoffraser.co.uk/men/tops-and-t-shirts,us,25,600,,designer shirts,8700,04-03-2023 22:24,115,15,0,73,1674,8,17.11,105,red and white designer shirt,500,,44,Organic,Mens Tops - House of Fraser,600,24000
designer men tshirt,https://www.revolve.com/mens/tshirts/br/e90f7b/,us,25,600,,designer shirts,8700,04-03-2023 22:24,6,1,0,79,0,177,273.89,219,designer graphic tees,1500,,45,Organic,"Men's Designer T-Shirts | Long Sleeve, Henley, Graphic Tees",600,24000
designer men tshirt,https://www.dior.com/en_us/fashion/mens-fashion/ready-to-wear/t-shirts-polos,us,25,600,,designer shirts,8700,04-03-2023 22:24,35,28,2,82,3093,22604,11108.02,3736,dior shirt,20000,,46,Organic,Designer T-Shirts & Polo Shirts — Men's Ready-to-Wear | DIOR,600,24000
designer men tshirt,https://www.nextlevelcouture.com/designer-men-t-shirts-s/394.htm,us,25,600,,designer shirts,8700,04-03-2023 22:24,1,1,0,7,1213,1,1.2,12,next level couture,50,,47,Organic,Fashion T-Shirts - MEN - Nextlevel Couture,600,24000
designer men tshirt,https://www.hugoboss.com/us/men-t-shirts/,us,25,600,,designer shirts,8700,04-03-2023 22:24,2770,26,4,79,2025,4459,3282.69,1013,hugo boss t shirt,4700,,48,Organic,Men's Designer T-Shirts - Hugo Boss,600,24000
designer men tshirt,https://us.balmain.com/en/men/ready-to-wear/t-shirts/,us,25,600,,designer shirts,8700,04-03-2023 22:24,7,4,3,71,1426,18333,15720.36,1824,balmain shirt,14000,,49,Organic,Collection Of Designer T-shirts For Men | BALMAIN,600,24000
designer men tshirt,https://www.aliexpress.com/w/wholesale-mens-designer-t-shirt.html,us,25,600,,designer shirts,8700,04-03-2023 22:24,0,0,,92,,1,1.01,98,luxury mens t shirt,400,,50,Organic,Mens designer t shirt|Shop the best t shirt on AliExpress,600,24000
designer men tshirt,https://www.rbdesign-store.com/collections/mens-designer-graphic-t-shirts-online/mens-scoop-neck-t-shirt,us,25,600,,designer shirts,8700,04-03-2023 22:24,0,0,,3,,14,15.42,39,mens scoop neck t shirt,700,,51,Organic,"Tagged ""mens scoop neck t shirt"" - RB Design Store",600,24000
designer men tshirt,https://blackficus.com/product/designer-linen-t-shirt,us,25,600,,designer shirts,8700,04-03-2023 22:24,0,0,,8,764,0,0,4,designer linen,20,,52,Organic,Designer Men's Linen T-Shirt,600,24000
designer men tshirt,https://www.theiconic.com.au/mens-designer-clothing-tshirts-singlets/,us,25,600,,designer shirts,8700,04-03-2023 22:24,4,4,1,75,5817,3,3.23,108,mens designer tees,350,,53,Organic,Men's Designer T-Shirts & Singlets Online Australia - The Iconic,600,24000
designer men tshirt,https://www.thecollective.in/category/men/t-shirts-334,us,25,600,,designer shirts,8700,04-03-2023 22:24,3,3,7,30,2305,3,3.26,137,designer t shirt men,600,,54,Organic,Designer T shirts for Men - The Collective,600,24000
designer men tshirt,https://www.criminaldamage.co.uk/collections/mens-t-shirts,us,25,600,,designer shirts,8700,04-03-2023 22:24,2,2,7,22,1084,7,3.88,99,criminal damage tshirts,30,,55,Organic,Men T-shirts - Mens Designer T-Shirts – Criminal Damage Store,600,24000
designer men tshirt,https://www.the-clothinglounge.com/collections/mens-t-shirts,us,25,600,,designer shirts,8700,04-03-2023 22:24,2,1,0,32,736,36,16.55,110,red and white designer shirt,900,,56,Organic,MEN'S DESIGNER T-SHIRT | THE CLOTHING LOUNGE,600,24000
designer men tshirt,https://www.thrifted.com/collections/vintage-mens-designer-t-shirts,us,25,600,,designer shirts,8700,04-03-2023 22:24,0,0,0,38,2133,60,39.01,129,vintage designer tshirts,100,,57,Organic,Vintage Men's Designer T-Shirts - Thrifted.com,600,24000
designer men tshirt,https://www.dhgate.com/wholesale/designer+t+shirts+for+mens.html,us,25,600,,designer shirts,8700,04-03-2023 22:24,1,1,0,82,,4,4.76,113,mens designer t shirts sale,500,,58,Organic,Wholesale Cheap Designer T Shirts For Mens - DHgate,600,24000
designer men tshirt,https://www.parlourx.com/collections/mens-t-shirts,us,25,600,,designer shirts,8700,04-03-2023 22:24,0,0,,42,2148,0,0,15,mens designer t shirts,2800,,59,Organic,Men's Designer T-Shirts Online Australia | Parlour X,600,24000
designer men tshirt,https://www.fashionbeans.com/article/best-designer-t-shirts-men/,us,25,600,,designer shirts,8700,04-03-2023 22:24,105,69,13,75,2818,398,443.45,449,luxury t-shirts brands,350,,60,Organic,The Best Designer T-shirts to Elevate Your Style | FashionBeans,600,24000
designer men tshirt,https://www.macys.com/shop/b/mens-designer-shirts?id=78937,us,25,600,,designer shirts,8700,04-03-2023 22:24,1,1,0,87,,2091,2723.51,160,designer shirts for men,7400,,61,Organic,Shop Men's Designer Shirts - Macy's,600,24000
designer men tshirt,https://www.thejgerardstore.com/collections/designer-tshirt/mens,us,25,600,,designer shirts,8700,04-03-2023 22:24,0,0,0,0,2310,0,0.08,8,designer tshirt mens,50,,62,Organic,"Designer Tshirts – tagged ""mens"" - The JGerard Store",600,24000
designer men tshirt,https://poshmark.com/browse/mens-designer-tee-shirts,us,25,600,,designer shirts,8700,04-03-2023 22:24,0,0,1,84,2660,2,1.18,51,mens designer tees,350,,63,Organic,Best 25+ Deals for Mens Designer Tee Shirts - Poshmark,600,24000
designer men tshirt,https://www.harveynichols.com/int/mens/all-clothing/t-shirts-and-vests/t-shirts/,us,25,600,,designer shirts,8700,04-03-2023 22:24,0,0,3,76,1745,1,1,72,luxury t-shirts brands,350,,64,Organic,Men's Designer T-Shirts - Harvey Nichols,600,24000
designer men tshirt,https://www.zeeandco.co.uk/mens/designer-t-shirts.html,us,25,600,,designer shirts,8700,04-03-2023 22:24,13,11,12,31,2150,23,18.14,190,designer mens t shirt sale,600,,65,Organic,Designer T-Shirts For Men - Zee & Co,600,24000
designer men tshirt,https://modesens.com/shop-men-t-shirts-sale/,us,25,600,,designer shirts,8700,04-03-2023 22:24,0,0,0,71,1414,19,16.3,39,mens designer t shirt sale,500,,66,Organic,"Men's Designer T-Shirts Sale, Up To 70% Off | ModeSens",600,24000
designer men tshirt,https://www.theoutnet.com/en-us/shop/clothing/tops/t-shirts,us,25,600,,designer shirts,8700,04-03-2023 22:24,23,13,1,73,0,635,718.74,315,cheap designer shirts,1000,,67,Organic,Designer T Shirts | Sale Up To 70% Off At THE OUTNET,600,24000
designer men tshirt,https://www.crazydogtshirts.com/collections/funny-men,us,25,600,,designer shirts,8700,04-03-2023 22:24,3528,152,9,50,2372,28224,20209.98,3825,funny shirts for men,8300,,68,Organic,Funny Mens T-shirts | Cool Vintage Tees for Guys,600,24000
designer men tshirt,https://www.tkmaxx.com/uk/en/men/clothing/t-shirts+polo-shirts/t-shirts/c/02021101,us,25,600,,designer shirts,8700,04-03-2023 22:24,9,8,1,72,0,11,7.73,162,tj maxx graphic tees,150,,69,Organic,Designer T-Shirts For Men - TK Maxx UK,600,24000
designer men tshirt,https://actuate-us.com/ready-to-wear/t-shirts/,us,25,600,,designer shirts,8700,04-03-2023 22:24,0,0,,0,0,16,14.75,66,red and grey designer shirt,80,,70,Organic,Men's Luxury Designer T-Shirts | ACTUATE ®,600,24000
designer men tshirt,https://www.karllagerfeldparis.com/men/clothing/tees,us,25,600,,designer shirts,8700,04-03-2023 22:24,2,1,0,49,1688,1137,754.86,38,karl lagerfeld t shirt,3700,,71,Organic,Designer Men's Tees - Karl Lagerfeld Paris,600,24000
designer men tshirt,https://in.pinterest.com/pin/436145545170918905/,us,25,600,,designer shirts,8700,04-03-2023 22:24,0,0,,97,,0,0,2,designer men tshirt,600,,72,Organic,Pretty Designer Men Tshirts... - Pinterest,600,24000
designer men tshirt,https://fundamentalcoast.com/collections/t-shirts,us,25,600,,designer shirts,8700,04-03-2023 22:24,0,0,2,6,900,0,0.07,20,ocean coast mens shirts,350,,73,Organic,Men's Designer Short Sleeve Shirts - Fundamental Coast,600,24000
designer men tshirt,https://www.youtube.com/watch?v=RE447MTGlCE,us,25,600,,designer shirts,8700,04-03-2023 22:24,84,19,0,99,,6,1.79,122,stone island herren t shirt,150,,74,Organic,What Is The BEST Men's DESIGNER T-Shirt? (Stone Island ...,600,24000
designer men tshirt,https://us.burberry.com/mens-polo-shirts-t-shirts/t-shirts/,us,25,600,,designer shirts,8700,04-03-2023 22:24,1,1,4,80,1395,0,0.2,15,mens designer polo shirt,250,,75,Organic,Men's Designer Polo Shirts & T-shirts | Burberry® Official,600,24000
designer men tshirt,https://www.insider.com/guides/style/best-t-shirt-men,us,25,600,,designer shirts,8700,04-03-2023 22:24,232,116,14,90,5923,9873,9899.95,7164,best men's t shirts,2800,,76,Organic,28 Best Men's T-Shirts of 2023 - Insider,600,24000
designer men tshirt,https://www.wolfandbadger.com/us/category/men/clothing/t-shirts/,us,25,600,,designer shirts,8700,04-03-2023 22:24,0,0,,74,0,1,1.47,36,designer tee shirts mens,600,,77,Organic,Men's Designer T-shirts | Wolf & Badger,600,24000
designer men tshirt,https://urockcouture.com/collections/t-shirts-for-man,us,25,600,,designer shirts,8700,04-03-2023 22:24,0,0,12,7,1387,0,0.02,14,black and gold designer t shirt,50,,78,Organic,Men's T-Shirts – Designer Clothing by URock Couture,600,24000
designer men tshirt,https://www.simons.ca/en/men-designer/t-shirts-sweatshirts--7129,us,25,600,,designer shirts,8700,04-03-2023 22:24,2,2,1,71,1556,0,0,62,cream designer t shirt,60,,79,Organic,Men's Designer T-Shirts & Sweatshirts | Édito Simons,600,24000
designer men tshirt,https://www.apetogentleman.com/best-designer-tshirts-men/,us,25,600,,designer shirts,8700,04-03-2023 22:24,62,25,10,66,1235,122,141.95,246,luxury t-shirts brands,600,,80,Organic,The Coolest Designer T-Shirts For Men: 2023 Edition,600,24000
designer men tshirt,https://nypost.com/article/best-mens-t-shirt-brands/,us,25,600,,designer shirts,8700,04-03-2023 22:24,187,126,11,91,4545,5568,5270.55,3637,t-shirt,33000,,81,Organic,The 26 best men's T-shirt brands he needs to shop in 2022,600,24000
designer men tshirt,https://www.prpsjeans.com/collections/tees,us,25,600,,designer shirts,8700,04-03-2023 22:24,24,6,1,34,3741,376,208.09,42,prps shirts,300,,82,Organic,Men's Designer Tees - Prps Jeans,600,24000
designer men tshirt,https://www.pleinoutlet.com/men/clothing/t-shirts/,us,25,600,,designer shirts,8700,04-03-2023 22:24,0,0,0,36,2383,353,264.05,27,philipp plein t shirt,1800,,83,Organic,T-Shirts - Men - Philipp Plein Outlet,600,24000
designer men tshirt,https://www.vince.com/men-t-shirts-polos/,us,25,600,,designer shirts,8700,04-03-2023 22:24,11,7,1,64,1553,562,180.84,393,vince polo,400,,84,Organic,Men's Designer T-Shirts & Polos | Luxury Styles - Vince,600,24000
designer men tshirt,https://www.grailed.com/categories/short-sleeve-t-shirts,us,25,600,,designer shirts,8700,04-03-2023 22:24,6,5,1,74,2334,3,1.41,193,adidas chevy shirt,100,,85,Organic,Men's Designer Short Sleeve T-Shirts | Grailed,600,24000
designer men tshirt,https://www.express.com/mens-clothing/shirts/tees-henleys/cat430030,us,25,600,,designer shirts,8700,04-03-2023 22:24,96,23,9,76,2986,2663,2566.82,3004,express t shirts,1000,,86,Organic,Men's Tees & T-Shirts - Express,600,24000
designer men tshirt,https://www.off---white.com/en-us/shopping/man-clothing-t-shirts,us,25,600,,designer shirts,8700,04-03-2023 22:24,4,4,,72,,32115,24176.73,4681,off white shirt,35000,,87,Organic,Men's T-Shirts | Off-White™ Official Website,600,24000
designer men tshirt,https://www.billyreid.com/,us,25,600,,designer shirts,8700,04-03-2023 22:24,18035,1941,34,57,2129,13897,9174.31,2545,billy reid,19000,,88,Organic,Billy Reid - Designer Men's & Women's clothing and accessories,600,24000
designer men tshirt,https://www.tillys.com/men/clothing/t-shirts/,us,25,600,,designer shirts,8700,04-03-2023 22:24,554,93,9,70,4237,8200,8675.89,3962,mens tees,11000,,89,Organic,Men's T-Shirts - Tillys,600,24000
designer men tshirt,https://us.louisvuitton.com/eng-us/men/ready-to-wear/t-shirts-and-polos/_/N-to9uy2x,us,25,600,,designer shirts,8700,04-03-2023 22:24,37,25,4,83,,21512,8162.48,4468,louis vuitton t shirt,7700,,90,Organic,Men's Fashion T-Shirts and Polo Shirts | LOUIS VUITTON ®,600,24000
designer men tshirt,https://www.zalando.co.uk/designer-men-t-shirts/,us,25,600,,designer shirts,8700,04-03-2023 22:24,0,0,0,73,,0,0,9,royal blue designer shirt,700,,91,Organic,Designer T-shirts for Men - Zalando UK,600,24000
designer men tshirt,https://www.versace.com/us/en-us/men/clothing/t-shirts-polos/,us,25,600,,designer shirts,8700,04-03-2023 22:24,24,15,3,77,1047,14839,8006.66,2341,versace t shirt,9600,,92,Organic,Men's Designer Polos & T-shirts | VERSACE US,600,24000
designer men tshirt,https://www.coachoutlet.com/shop/men/clothing,us,25,600,,designer shirts,8700,04-03-2023 22:24,16,11,2,66,1345,4343,1030.94,1844,coach men's clothing,1700,,93,Organic,Clothing & Apparel For Men | COACH® Outlet,600,24000
designer men tshirt,https://www.myntra.com/men-tshirts,us,25,600,,designer shirts,8700,04-03-2023 22:24,645,81,8,79,10,179,64.8,1080,t shirt online india,60,,94,Organic,Buy Men's T-shirts Online at India's Best Fashion Store | Myntra,600,24000
designer men tshirt,https://www.sportsdirect.com/mens/clothing/tops-and-t-shirts/t-shirts,us,25,600,,designer shirts,8700,04-03-2023 22:24,544,31,1,76,3462,14,2.01,957,shirts sport,700,,95,Organic,"Mens T Shirts | Sports, Graphic, Plain, Designer - Sports Direct",600,24000
designer men tshirt,https://www.meesho.com/tshirts-men/pl/3k8,us,25,600,,designer shirts,8700,04-03-2023 22:24,938,15,14,75,2705,7,2.46,440,t shirt online india,60,,96,Organic,Buy Men Tshirts Online Starting at Just ₹102 - Meesho,600,24000
designer men tshirt,https://www.johnvarvatos.com/,us,25,600,,designer shirts,8700,04-03-2023 22:24,28883,2757,37,68,520,19104,17701.28,4048,john varvatos,50000,,97,Organic,John Varvatos | Designer Men's Fashion | Free Shipping,600,24000
designer men tshirt,https://www.nike.com/w/mens-graphic-t-shirts-5shrvznik1,us,25,600,,designer shirts,8700,04-03-2023 22:24,381,44,6,90,1606,4861,3864.52,4989,nike graphic tees,4500,,98,Organic,Men's Graphic Tees & T-Shirts. Nike.com,600,24000
designer men tshirt,https://www.palmangels.com/en-us/shopping/man/t-shirts-vests-t-shirts,us,25,600,,designer shirts,8700,04-03-2023 22:24,34,32,9,52,,23909,1802.75,1415,palm angels shirt,26000,,99,Organic,Men's T-shirts & Tops | Palm Angels® US Official,600,24000
